feature,mean_importance
srv_serror_rate,4.469665132877943e-06
rerror_rate,7.598226217517268e-05
serror_rate,0.00014715269379339259
srv_diff_host_rate,0.00018528824357111616
dst_host_srv_rerror_rate,0.00021585481582007404
dst_host_serror_rate,0.0003693927901625788
dst_host_srv_serror_rate,0.002473822902501288
count,0.0030750583069432793
srv_rerror_rate,0.005327529512875606
dst_host_count,0.008211840252732064
diff_srv_rate,0.01092723109724845
same_srv_rate,0.013533730435159297
dst_host_diff_srv_rate,0.013884520664208169
dst_host_srv_count,0.016696762778873706
dst_host_rerror_rate,0.023865459325281526
service,0.10682256507227386
dst_host_same_srv_rate,0.11161693202768488
logged_in,0.22196741499534264
flag,0.4104330602221558
