feature,mean_importance
dst_host_srv_rerror_rate,2.8960454321951598e-05
rerror_rate,6.605855301983973e-05
srv_rerror_rate,0.00014736841762360078
diff_srv_rate,0.00022857487480576504
srv_serror_rate,0.0004107481677583278
srv_diff_host_rate,0.0004640943919524853
serror_rate,0.0004736896033031383
dst_host_same_srv_rate,0.0005331406972869831
same_srv_rate,0.001654764707079678
dst_host_serror_rate,0.001987338417819417
dst_host_srv_serror_rate,0.0021994258524597322
dst_host_diff_srv_rate,0.002357296739167981
flag,0.0028145576423243687
dst_host_rerror_rate,0.0034605686044556993
logged_in,0.0035215946764934327
dst_host_srv_count,0.0069561994055909225
count,0.03740787165885766
dst_host_count,0.039269009061121074
level,0.23494588883843343
service,0.3082162513508485
