feature,mean_importance
srv_rerror_rate,0.00010834907424200624
diff_srv_rate,0.00017016852364630918
dst_host_srv_rerror_rate,0.00031134212410467683
srv_diff_host_rate,0.00032278597353063655
rerror_rate,0.00038737122567176476
srv_serror_rate,0.0003920129861707986
same_srv_rate,0.0008684305585528512
logged_in,0.0015355054709999991
serror_rate,0.0018389961348154148
dst_host_diff_srv_rate,0.003932233263497233
dst_host_serror_rate,0.004400867512256016
dst_host_srv_serror_rate,0.00556905565100991
dst_host_rerror_rate,0.005594982771596499
dst_host_srv_count,0.007929085838875607
flag,0.009923986335484955
dst_host_count,0.019692026171420674
dst_host_same_srv_rate,0.02473594821600501
count,0.0617690629135636
service,0.2400595490568623
level,0.3343523023385314
