feature,mean_importance
dst_host_srv_rerror_rate,4.162214564209319e-05
srv_rerror_rate,9.701183627748786e-05
srv_serror_rate,0.00011988758181183512
rerror_rate,0.00038061671324438035
srv_diff_host_rate,0.0004145978213462506
diff_srv_rate,0.00041531904208811575
serror_rate,0.00047732731827569605
dst_host_same_srv_rate,0.0005950688346534408
same_srv_rate,0.0014526020411691069
dst_host_srv_serror_rate,0.001602278259674087
logged_in,0.0026038951203229935
dst_host_serror_rate,0.003432126385887746
dst_host_diff_srv_rate,0.0038951596053577973
dst_host_rerror_rate,0.004440123702731591
dst_host_srv_count,0.005033135327853776
flag,0.014407335201573076
count,0.035330137038803555
dst_host_count,0.05874160812994691
level,0.206763395368253
service,0.3154172879088854
