feature,mean_importance
dst_host_srv_rerror_rate,-4.4408920985006264e-17
srv_rerror_rate,0.0
rerror_rate,7.39867948823053e-05
serror_rate,0.0005230309812394779
srv_diff_host_rate,0.0006845364336902998
dst_host_rerror_rate,0.001093775494831989
dst_host_count,0.001353274062790308
srv_serror_rate,0.0021730454882341434
dst_host_srv_serror_rate,0.00881499368766521
service,0.011883295383973983
dst_host_diff_srv_rate,0.017746581990734873
dst_host_serror_rate,0.018887720973906987
dst_host_srv_count,0.0345425188107497
same_srv_rate,0.03714709466309156
count,0.042292401333247354
diff_srv_rate,0.04613789564752779
logged_in,0.04647835333093488
dst_host_same_srv_rate,0.06494269482236152
level,0.25959465719854785
flag,0.2779038739126987
