feature,mean_importance
srv_rerror_rate,0.00011645339701198574
dst_host_srv_rerror_rate,0.00012315138489043582
rerror_rate,0.0001609933300042929
diff_srv_rate,0.0003559976479980999
srv_diff_host_rate,0.0005113423638935383
same_srv_rate,0.0012585076319275828
logged_in,0.0013256759187753632
serror_rate,0.0015246501144251408
srv_serror_rate,0.0020165099898993887
dst_host_diff_srv_rate,0.0034515518148276318
dst_host_srv_serror_rate,0.005047449593767262
dst_host_serror_rate,0.006406303451619843
dst_host_srv_count,0.007201156247598048
flag,0.008391494862551349
dst_host_rerror_rate,0.010653999844092252
dst_host_same_srv_rate,0.012183290561244627
dst_host_count,0.02548333473451585
count,0.09417952301596892
service,0.21557932384963635
level,0.3089393491686234
