feature,shap_importance
flag,0.24555389487071358
level,0.10288871713324982
dst_host_same_srv_rate,0.0781598324705032
same_srv_rate,0.029266976885695555
count,0.02820798953760098
logged_in,0.026070437555894485
dst_host_srv_serror_rate,0.009692208496589376
dst_host_serror_rate,0.00583685329329653
service,0.0058345771196840245
dst_host_srv_count,0.0051734438037874695
diff_srv_rate,0.00391611212283615
dst_host_diff_srv_rate,0.00366064478972019
serror_rate,0.001764493405971249
dst_host_rerror_rate,0.0015717251080844493
rerror_rate,0.0010277328198387105
srv_serror_rate,0.00019279075899438934
dst_host_count,0.0001564623952618532
srv_diff_host_rate,2.470599742239132e-05
srv_rerror_rate,0.0
dst_host_srv_rerror_rate,0.0
